<code_scheme name="Default DataCleaner">
  <option name="FIELD_NAME_PREFIX" value="_" />
  <option name="GENERATE_FINAL_LOCALS" value="true" />
  <option name="GENERATE_FINAL_PARAMETERS" value="true" />
  <option name="CLASS_COUNT_TO_USE_IMPORT_ON_DEMAND" value="30" />
  <option name="PACKAGES_TO_USE_IMPORT_ON_DEMAND">
    <value />
  </option>
  <option name="IMPORT_LAYOUT_TABLE">
    <value>
      <package name="" withSubpackages="true" static="true" />
      <emptyLine />
      <package name="java" withSubpackages="true" static="false" />
      <emptyLine />
      <package name="javax" withSubpackages="true" static="false" />
      <emptyLine />
      <package name="org" withSubpackages="true" static="false" />
      <emptyLine />
      <package name="au" withSubpackages="true" static="false" />
      <emptyLine />
      <package name="ch" withSubpackages="true" static="false" />
      <emptyLine />
      <package name="com" withSubpackages="true" static="false" />
      <emptyLine />
      <package name="" withSubpackages="true" static="false" />
    </value>
  </option>
  <option name="JD_ALIGN_PARAM_COMMENTS" value="false" />
  <option name="JD_ALIGN_EXCEPTION_COMMENTS" value="false" />
  <option name="JD_P_AT_EMPTY_LINES" value="false" />
  <option name="FORMATTER_TAGS_ENABLED" value="true" />
  <option name="WRAP_COMMENTS" value="true" />
  <JavaCodeStyleSettings>
    <option name="SPACE_AFTER_CLOSING_ANGLE_BRACKET_IN_TYPE_ARGUMENT" value="true" />
    <option name="ANNOTATION_PARAMETER_WRAP" value="1" />
  </JavaCodeStyleSettings>
  <XML>
    <option name="XML_LEGACY_SETTINGS_IMPORTED" value="true" />
  </XML>
  <codeStyleSettings language="JAVA">
    <option name="KEEP_LINE_BREAKS" value="false" />
    <option name="KEEP_BLANK_LINES_IN_DECLARATIONS" value="1" />
    <option name="KEEP_BLANK_LINES_IN_CODE" value="1" />
    <option name="KEEP_BLANK_LINES_BEFORE_RBRACE" value="1" />
    <option name="INDENT_CASE_FROM_SWITCH" value="false" />
    <option name="ALIGN_MULTILINE_PARAMETERS" value="false" />
    <option name="ALIGN_MULTILINE_FOR" value="false" />
    <option name="SPACE_WITHIN_ARRAY_INITIALIZER_BRACES" value="true" />
    <option name="SPACE_BEFORE_ARRAY_INITIALIZER_LBRACE" value="true" />
    <option name="CALL_PARAMETERS_WRAP" value="1" />
    <option name="METHOD_PARAMETERS_WRAP" value="1" />
    <option name="RESOURCE_LIST_WRAP" value="1" />
    <option name="EXTENDS_LIST_WRAP" value="1" />
    <option name="THROWS_LIST_WRAP" value="1" />
    <option name="EXTENDS_KEYWORD_WRAP" value="1" />
    <option name="THROWS_KEYWORD_WRAP" value="1" />
    <option name="METHOD_CALL_CHAIN_WRAP" value="1" />
    <option name="BINARY_OPERATION_WRAP" value="1" />
    <option name="BINARY_OPERATION_SIGN_ON_NEXT_LINE" value="true" />
    <option name="TERNARY_OPERATION_WRAP" value="1" />
    <option name="TERNARY_OPERATION_SIGNS_ON_NEXT_LINE" value="true" />
    <option name="KEEP_SIMPLE_LAMBDAS_IN_ONE_LINE" value="true" />
    <option name="FOR_STATEMENT_WRAP" value="1" />
    <option name="ARRAY_INITIALIZER_WRAP" value="1" />
    <option name="ASSIGNMENT_WRAP" value="1" />
    <option name="IF_BRACE_FORCE" value="3" />
    <option name="DOWHILE_BRACE_FORCE" value="3" />
    <option name="WHILE_BRACE_FORCE" value="3" />
    <option name="FOR_BRACE_FORCE" value="3" />
    <option name="PARAMETER_ANNOTATION_WRAP" value="1" />
    <option name="VARIABLE_ANNOTATION_WRAP" value="1" />
    <option name="ENUM_CONSTANTS_WRAP" value="2" />
    <arrangement>
      <rules>
        <section>
          <rule>
            <match>
              <ENUM>true</ENUM>
            </match>
          </rule>
        </section>
        <section>
          <rule>
            <match>
              <INTERFACE>true</INTERFACE>
            </match>
          </rule>
        </section>
        <section>
          <rule>
            <match>
              <AND>
                <CLASS>true</CLASS>
                <STATIC>true</STATIC>
              </AND>
            </match>
          </rule>
        </section>
        <section>
          <rule>
            <match>
              <CLASS>true</CLASS>
            </match>
          </rule>
        </section>
        <section>
          <rule>
            <match>
              <AND>
                <FIELD>true</FIELD>
                <FINAL>true</FINAL>
                <PUBLIC>true</PUBLIC>
                <STATIC>true</STATIC>
              </AND>
            </match>
          </rule>
        </section>
        <section>
          <rule>
            <match>
              <AND>
                <FIELD>true</FIELD>
                <FINAL>true</FINAL>
                <PROTECTED>true</PROTECTED>
                <STATIC>true</STATIC>
              </AND>
            </match>
          </rule>
        </section>
        <section>
          <rule>
            <match>
              <AND>
                <FIELD>true</FIELD>
                <FINAL>true</FINAL>
                <PACKAGE_PRIVATE>true</PACKAGE_PRIVATE>
                <STATIC>true</STATIC>
              </AND>
            </match>
          </rule>
        </section>
        <section>
          <rule>
            <match>
              <AND>
                <FIELD>true</FIELD>
                <FINAL>true</FINAL>
                <PRIVATE>true</PRIVATE>
                <STATIC>true</STATIC>
              </AND>
            </match>
          </rule>
        </section>
        <section>
          <rule>
            <match>
              <AND>
                <FIELD>true</FIELD>
                <PUBLIC>true</PUBLIC>
                <STATIC>true</STATIC>
              </AND>
            </match>
          </rule>
        </section>
        <section>
          <rule>
            <match>
              <AND>
                <FIELD>true</FIELD>
                <PROTECTED>true</PROTECTED>
                <STATIC>true</STATIC>
              </AND>
            </match>
          </rule>
        </section>
        <section>
          <rule>
            <match>
              <AND>
                <FIELD>true</FIELD>
                <PACKAGE_PRIVATE>true</PACKAGE_PRIVATE>
                <STATIC>true</STATIC>
              </AND>
            </match>
          </rule>
        </section>
        <section>
          <rule>
            <match>
              <AND>
                <FIELD>true</FIELD>
                <PRIVATE>true</PRIVATE>
                <STATIC>true</STATIC>
              </AND>
            </match>
          </rule>
        </section>
        <section>
          <rule>
            <match>
              <AND>
                <INITIALIZER_BLOCK>true</INITIALIZER_BLOCK>
                <STATIC>true</STATIC>
              </AND>
            </match>
          </rule>
        </section>
        <section>
          <rule>
            <match>
              <AND>
                <FIELD>true</FIELD>
                <FINAL>true</FINAL>
                <PUBLIC>true</PUBLIC>
              </AND>
            </match>
          </rule>
        </section>
        <section>
          <rule>
            <match>
              <AND>
                <FIELD>true</FIELD>
                <FINAL>true</FINAL>
                <PROTECTED>true</PROTECTED>
              </AND>
            </match>
          </rule>
        </section>
        <section>
          <rule>
            <match>
              <AND>
                <FIELD>true</FIELD>
                <FINAL>true</FINAL>
                <PACKAGE_PRIVATE>true</PACKAGE_PRIVATE>
              </AND>
            </match>
          </rule>
        </section>
        <section>
          <rule>
            <match>
              <AND>
                <FIELD>true</FIELD>
                <FINAL>true</FINAL>
                <PRIVATE>true</PRIVATE>
              </AND>
            </match>
          </rule>
        </section>
        <section>
          <rule>
            <match>
              <AND>
                <FIELD>true</FIELD>
                <PUBLIC>true</PUBLIC>
              </AND>
            </match>
          </rule>
        </section>
        <section>
          <rule>
            <match>
              <AND>
                <FIELD>true</FIELD>
                <PROTECTED>true</PROTECTED>
              </AND>
            </match>
          </rule>
        </section>
        <section>
          <rule>
            <match>
              <AND>
                <FIELD>true</FIELD>
                <PACKAGE_PRIVATE>true</PACKAGE_PRIVATE>
              </AND>
            </match>
          </rule>
        </section>
        <section>
          <rule>
            <match>
              <AND>
                <FIELD>true</FIELD>
                <PRIVATE>true</PRIVATE>
              </AND>
            </match>
          </rule>
        </section>
        <section>
          <rule>
            <match>
              <FIELD>true</FIELD>
            </match>
          </rule>
        </section>
        <section>
          <rule>
            <match>
              <INITIALIZER_BLOCK>true</INITIALIZER_BLOCK>
            </match>
          </rule>
        </section>
        <section>
          <rule>
            <match>
              <CONSTRUCTOR>true</CONSTRUCTOR>
            </match>
          </rule>
        </section>
        <section>
          <rule>
            <match>
              <AND>
                <METHOD>true</METHOD>
                <STATIC>true</STATIC>
              </AND>
            </match>
          </rule>
        </section>
        <section>
          <rule>
            <match>
              <METHOD>true</METHOD>
            </match>
          </rule>
        </section>
        <section>
          <rule>
            <match>
              <AND>
                <METHOD>true</METHOD>
                <NAME>main</NAME>
                <PUBLIC>true</PUBLIC>
                <STATIC>true</STATIC>
              </AND>
            </match>
          </rule>
        </section>
      </rules>
    </arrangement>
  </codeStyleSettings>
  <codeStyleSettings language="XML">
    <indentOptions>
      <option name="USE_TAB_CHARACTER" value="true" />
    </indentOptions>
  </codeStyleSettings>
</code_scheme>